negative_aspects,count
**,31
,25
**正面要素：**,4
2. 拍照空間令人失望,1
3. 空間利用不佳（建議設置健身房）,1
4. 價格不便宜,1
1. 地點：較偏遠，沒有夜市可逛。,1
5. 整體滿意度低（對宜蘭館失望，建議去礁溪或出國）,1
- 無明顯的負面要素提及，評論者似乎對於住宿體驗非常滿意。 ,1
整體來看，這是一條非常正面的評論，幾乎沒有提到任何負面因素。,1
1. 服務：櫃檯人手不夠，導致入住時的服務未達標，嬰兒床和沐浴乳等物品延遲送達，造成不便。,1
2. 設施：嬰兒床未按時送入房間，影響了小孩的安全和家庭的休息。,1
3. 隔音：提到小孩在床上亂爬，可能導致摔下床的風險，且因為缺少嬰兒床，無法好好休息。,1
4. 管理：最終嬰兒床和澡盆堆在門口，顯示出管理流程不夠完善，影響了客人的入住體驗。,1
1. 房間的分機壞掉,1
2. 隔音不好,1
3. 樓下的遊覽車聲音吵,1
4. 找不到竹炭水，只有一般的飲水機,1
5. 沒有提供熱開水,1
6. 住客很多，早餐需要晚一點去吃以免沒有座位,1
1. 房間設施 - 家庭房缺少衣櫃，這點不方便。,1
2. 體重機 - 房間內未提供體重機，雖然這不是必備，但讓人感覺不便。,1
1. 餐廳氛圍（暗黑派派，夜店風格，但台式點心普通）,1
3. 枕頭 - 只有一顆枕頭且偏硬不蓬鬆，影響睡眠舒適度。,1
1. 離市區有點遠,1
1. **枕頭高度** - 提到枕頭可能有點高，影響個人的舒適度。,1
2. 周遭走路範圍內幾乎沒有什麼店家,1
3. **日常用品提供** - 由於政府政策，無法提供一次性用品，可能影響過夜的便利性。,1
4. **地點** - 雖然不算太偏遠，但與宜蘭、羅東鬧區有小距離，不方便喜歡熱鬧的客人。,1
5. **周遭道路狀況** - 飯店周遭的路較窄，開車需多加留心，可能影響到交通安全。 ,1
2. **床品厚度** - 棉被雖然舒服，但對怕熱的客人來說較厚可能會導致不適。,1
無明顯負面要素。,1
1. **衛生**：淋浴間、嬰兒澡盆的清潔度需加強，澡盆排水孔積垢。,1
2. **設施**：地板感覺滑滑、排水緩慢（洗臉台也是），蓮蓬頭出水量小且熱度不足。,1
3. **價格**：雖然有明白週六的價格較高，但對於高價位房價仍表達不滿，覺得服務質量不符價格。,1
這條評論中正面要素主要集中在早餐和停車設施上，而負面要素則主要集中在衛生和設施的不足。,1
1. 位置：評論者提到酒店稍微偏僻，這可能影響到出行的便利性。,1
2. 設施：吹風機的風量超級小，顯示設施上的不滿。,1
整體而言，這條評論的正面要素主要集中在服務質量和房間設施上，負面要素則是主要針對個人舒適度及位置的便利性。,1
總結來說，這條評論中正面要素主要集中在早餐的美味和優惠價格，而負面要素則集中在酒店位置和吹風機的風量不足。,1
- 早餐（提到早餐不如其他競爭者，但仍然可以理解為一個要素）,1
- 位置（雖然提到偏僻，這可以理解為某些客人仍可能偏好安靜的環境）,1
1. 衛生 - 入房時發現洗手台上的飲料空罐，顯示清潔工作不到位。,1
2. 服務 - 餐廳的食物供應建議不如預期，且早餐的補餐速度非常慢。,1
3. 設施 - 硬體設備一般，電視畫質普通，MOD頻道不多。,1
4. 位置 - 地點較偏僻，附近沒有什麼店家，交通或購物不方便。,1
5. 早餐 - 早餐餐廳空間小、種類少、口味差，不符合其他地點標準的水準。,1
1. 電梯等候時間長,1
2. 馬桶水壓偏小,1
3. 插座孔設計不佳,1
4. 小朋友早餐收費過高,1
5. 晚餐CP值低，價格偏貴,1
6. 飲料選擇少,1
- 無負面要素出現,1
1. **服務** - 評論中提到的「完全沒有這個價格該有的平等對待」，暗示服務可能不佳。,1
2. **衛生** - 存在發霉、灰塵等問題。,1
3. **設施** - 壁紙不服貼、電線亂收、抽屜無法打開，都指出設施的缺陷。,1
4. **舒適度** - 睡眠品質受到影響，因為床型不符合預期。,1
5. **位置** - 與其他縣市的煙波相比，品質明顯不如。,1
此評論整體呈現強烈的負面情緒，幾乎沒有任何正面評價。,1
- 服務：評論者對於入住時的服務表示不滿，特別是員工要求訂房渠道的做法和缺乏人情味的服務方式。,1
- 設施：評論者提到需要使用自助機器辦理入住，缺乏人工服務，讓入住體驗不佳。,1
整體來看，評論者對於飯店的體驗幾乎完全是負面的，對於服務的處理方式表示不滿。,1
1. 停車場不足：遊客太多，停車場不夠，需要走一段距離。,1
2. 早餐安排：沒有分流，餐廳擁擠，造成用餐不便。,1
3. 床的尺寸：預訂特大床，但實際上得到的只是一般尺寸的床。,1
4. 總體品質及感受：評論者認為這次的住的品質及感受不佳。,1
1. **房間設施**：第一晚的4人房雖然空間大，但沒有浴缸泡澡。,1
2. **位置**：酒店離市區有一段距離，可能對某些客人不方便。,1
3. **價格**：不使用票券的費用不便宜，暗示價位較高。,1
整體來看，評論者對房間的空間、浴缸、早餐、甜品及氛圍表示滿意，但對於房間設施（缺乏浴缸）、位置及價格提出了一些負面評價。,1
1. 菜品種類 - 蔬菜部分種類少。,1
2. 食材新鮮度 - 玉米不新鮮，煎蝦子不新鮮且口感乾柴，干貝過熟且無鮮味。,1
3. 食品口感 - 印度脆球內部水果乾掉且無汁水，糙米風乾，需有一定的吞嚥能力才能吞下。,1
4. 上菜速度 - 主食等了半個小時才上桌，且似乎不是現烹調的。,1
5. 整體滿意度 - 對於這次用餐非常失望，不符合煙波的名稱。,1
無需列出負面要素，因為這條評論中沒有提到任何負面的方面。,1
1. 自助機一台維修，客人擁擠，經歷極差。,1
2. 系統串接不順暢，頻繁報到失敗。,1
3. 自助機操作介面（UI）糟糕，使用者體驗差。,1
4. 服務人員忙碌且無法提供即時協助，浪費客人時間。,1
5. 地點附近餐廳較少，需叫外送。,1
6. 飯店沒有專門放外送餐點的地方，只能親自下樓領取。,1
整體而言，該評論表達了一些飯店的優點與缺點，尤其是在服務、設施和位置方面有待改進。,1
1. **食物質量**：早餐多樣化但並沒有特別好吃，導致期待未能實現。,1
2. **食物溫度**：涼皮和哨子麵在供應時已經涼掉，以及哨子麵的質感問題（煮爛）。,1
3. **設施不足**：陽台雖然大，但缺少桌椅，無法在外面享受風景。,1
這些要素幫助理解評論者的感受，並且指出了飯店在某些方面的優勢和改進空間。,1
1. 位置：飯店離市區較遠。,1
2. 設施：外帶餐點食用不便，房間沒有提供消耗型備品，需要自行準備盥洗備品。,1
3. 便利性：化妝鏡沒有化妝椅及桌面空間，使用小邊桌來化妝不便利。,1
4. 窗簾設計：遮光簾密合度不夠，早上會被漏光的強烈陽光干擾。,1
5. 早餐口味：雖然種類豐富，但口味一般，不會令人印象深刻。,1
1. 地點較偏,1
2. 無溫泉,1
3. 天候不佳或旅途勞頓時三溫暖不無小補（隱含對缺乏三溫暖的負面感受）,1
- 服務：入住時房間尚未整理完，且在等到晚餐時間時仍有房務人員在打掃,1
- 衛生：房間門外有一大袋垃圾，噁心的氣味影響住宿體驗,1
- 設施：沒有提及具體設施，但房間清掃狀況影響了對飯店的印象,1
- 隔音：推開房門時聞到垃圾的味道，可能暗示隔音不好,1
- 品質：評論者質疑四星級飯店的整體品質,1
1. 服務 - 打電話詢問餐卷時，接通困難且服務人員轉接不清晰，造成顧客的不便和困擾。,1
2. 溝通不良 - 多個人對餐卷的銷售方式不清楚，顯示出資訊的不一致和溝通的不良。,1
3. 購買流程繁瑣 - 餐卷購買要求外縣市顧客特別跑一趟，流程不便，增加了顧客的負擔。,1
1. 設施缺乏,1
2. 孩子無聊,1
3. 位置附近沒有店家,1
4. 不適合親子旅行,1
5. 外送不能寄放櫃檯，需要迅速下去拿,1
6. 電視功能不足（缺少網飛和YouTube）,1
1. 沒有浴缸。,1
2. 附近商店不多，建議提前採購。,1
1. 浴缸不乾淨（有體毛，需要重新刷洗）。,1
2. 餐點品質一般（「喀哩喀哩」童趣餅乾發軟，不像正常餅乾）。,1
3. 便利商店距離飯店較遠，需要借腳踏車。,1
4. 限量的腳踏車需要借用，僅剩一台。,1
5. 早餐的烤麵包機設計不佳，使用不便（掉下來的位置偏位）。,1
6. 退房時等電梯的情況擁擠，低樓層等待時間較長。,1
- 此條評論中並未提到任何負面要素。 ,1
整體來看，這條評論主要表達了對飯店的高度滿意，特別是環境、舒適度和早午餐的品質與安排。,1
1. 電梯比較緩慢：對於住在低樓層的客人來說，等待時間較長。,1
1. 地理位置荒涼，不方便出行。,1
2. 地下室車位不足，平面車位較多。,1
3. 早餐廳光線不足，感覺像地下室用餐。,1
4. 飯店設施極少，沒有健身房或游泳池，活動選擇有限。,1
5. 房間設備簡單，缺乏附加備品（如潤髮乳、棉花棒等）。,1
6. 吹風機功能不佳，建議長頭髮的客人自行攜帶吹風機。,1
7. 房間景觀有限，無法享受較好的視野。,1
1. 缺乏適合小孩的設施。,1
2. 戶外區域雖有高腳桌椅，但缺少可以點飲品的櫃台。,1
3. 沒有洗烘衣機，讓住客無法自行洗衣。,1
4. 早餐補貨速度需要加強。,1
5. 地理位置稍偏，建議設置ubike站。,1
1. 床圍欄太高，放嬰兒下去難以安撫，容易驚醒,1
2. 遊戲區需要等嬰兒再大一點才能使用,1
總結來看，這條評論整體偏向正面，但也指出了一些可以改進的地方。,1
- 無（評論中未提及任何負面要素）,1
1. 用餐位置太擠，人潮湧入需小心取餐,1
2. 用會員點數換的2杯咖啡，拿回房間時發現都做錯口味，是退房前的小遺憾,1
這條評論整體上展現了對飯店的滿意，儘管有一些小的負面提及，但仍表達了再度入住的意願。,1
1. 地點偏遠 - 沒有開車不便,1
2. 沒有游泳池,1
3. 沒有健身房,1
4. 書籍損壞 - 童書被撕爛,1
1. **服務** - 服務人員處理生日蛋糕時的失誤，並未對顧客表示歉意，讓評論者感到失望。,1
2. **衛生與舒適度** - 枕頭上有尖尖的東西，影響了睡眠舒適度，這會讓人感到不安。,1
3. **早餐** - 早餐的質量不如評論者在其他地點的期待，讓人感到失望。,1
4. **隔音** - 評論者提到隔音效果差，受到其他客人噪音的影響，導致入住體驗不佳。,1
5. **位置** - 雖然未直接提到，但提到小朋友多可能暗示酒店在暑假時期的人流管理不佳。,1
整體來看，這條評論主要反映了對服務、衛生、早餐和隔音的失望，雖然有提到飯店在溝通上的努力，但負面體驗仍然占主要部分。,1
1. 兒童遊戲室太單調,1
2. 希望能多增加設施玩具,1
- 沒有明顯的負面要素提及。,1
1. 食物：點心在客人集中時空盤率高，雖然補充快，但品質不佳，地瓜圓和芋圓的口感不理想（粉粉的、硬的）。,1
2. 服務：對於食物品質的反饋後未得到明確的解決，服務回應不充分。,1
這些要素展示了評論者對飯店服務及設施的感受，也指出了在飲食品質及服務反應方面的不足之處。,1
- **價格**：評論者對於住宿價格感到非常不滿，認為價格過高，且不符合實際水準。,1
- **服務**（隱含）：雖未直接提到，但對於飯店業者的運作模式（假日與平日的差異及影響）顯示出對於服務的質疑。,1
- **需求狀況**：提到的“外來客太少”和“本地需求習慣”隱含了對飯店業者在調整策略上的不滿，可能影響到整體服務質量。,1
總體而言，評論者主要集中在對價格的不滿，而未提及任何正面的住宿體驗或設施，因此正面要素缺失。,1
1. 早餐的豐富性 - 雖然菜色多樣，但評論者認為臺南的早餐更豐富。 ,1
總體而言，這條評論以正面因素為主，主要讚揚了服務、早餐、房間舒適度和設施。負面因素相對較少，僅提及早餐的豐富性不足。,1
1. 服務 - 服務人員主動幫忙微波加熱食物，並借用餐盤，使顧客感到貼心。,1
- 海鮮不新鮮,1
- 服務人員回應不佳（官方回應且令顧客失望）,1
- 上餐時間慢,1
- 蔬果自助吧種類少,1
- 蔬果自助吧補充食材速度慢,1
- 蔬果自助吧衛生問題（菜葉未清洗乾淨、有髒東西）,1
- 不提供自助飲料,1
- 冰淇淋勺的水槽未啟動流動水,1
- 整體服務物有所值的感受差,1
這則評論顯示出評論者對於服務質量和餐飲衛生的不滿，從中看出負面要素相對明顯。,1
1. 廁所的排氣循環不好，異味排除太慢,1
2. 浴室蓮蓬頭出水量不太大,1
3. 洗手台如有小椅子會更棒（暗示現有設施不足）,1
1. 價格 - 餐點的價格（600+10%和約1200的總花費）讓評論者感到不滿。,1
2. 食物質量 - 龍蝦湯「連渣都沒有只剩湯」和和牛肉燥「剩渣沒吃到過」，顯示出對食物質量的不滿。,1
3. 補菜速度 - 補菜的速度被批評，感覺不夠及時，影響用餐體驗。,1
4. 服務 - 評論中提到「冰淇淋又空了也沒得吃」，暗示服務不周到。,1
5. 交通 - 從台北開過來的距離和時間讓評論者感到不值得。,1
1. 早午餐炸物冷且硬,1
2. 遊戲區設施不足（只放了兩套廚房玩具）,1
1. 館內設施雖然不多（雖然不是明確否定，但提到“雖然不多”暗示設施不足）,1
1. 設施 - 沒有游泳池比較可惜一點,1
1. **衛生**：落地窗玻璃很髒，給人不舒服的感覺。,1
2. **服務**：用餐時餐車在用餐區域推來推去，影響用餐體驗，並且廚餘桶和用過的餐盤的噪音讓人感到不安。,1
3. **設施**：現場沒有提供冰塊，讓點冰美式咖啡變得不方便。,1
4. **隔音**：補餐盤的聲響很大，影響用餐的舒適度。,1
通過這些要素的分析，可以看出評論者對餐點的口味有著正面的評價，但在服務、衛生、設施等方面則表達了不滿。,1
1. 服務 - 因為平台收費高且不含早餐，感覺被平台當盤子，埋怨平台的服務,1
2. 位置 - 無法從評論中直接分析，但隱含對比其他平台的選擇可能造成的期待差異。 ,1
總結來看，評論者對於飯店本身的服務和設施表現出非常正面的評價，而對於平台的服務則有些不滿。,1
在這條評論中，並未提到任何負面要素，所有內容都是正面的評價。,1
1. 銀髮族優惠：60歲以上的銀髮族可免收服務費。,1
2. 用餐時間：用餐時間長達3小時（10:00到13:30），提供了靈活的用餐選擇。,1
3. 飲品：喝了豆漿、牛奶和咖啡，顯示出飲品的多樣性。,1
4. 食物口味：和牛小漢堡被評論者認為好吃。,1
無明顯負面要素被提及。,1
1. 設施 - 希望吹風機可以更新成風大一點的機型,1
1. 設施缺乏游泳池 - 這是評論者不滿的主要原因。,1
- 無負面要素提及。,1
1. 假日人潮眾多,1
2. 餐廳人手不足,1
3. 收餐盤的速度較慢（雖然不影響用餐體驗）,1
1. 價格：平日房價5022元對家庭來說有點貴。,1
2. 停車位：樓下車位不夠，可能需要在外面或附近停車。,1
3. 等待時間：電梯需要等很久。,1
4. 服務：機器check in，缺乏人員主動協助。,1
5. 衛浴用品：未主動提供盥洗用具。,1
6. 飲用水：房間內沒有瓶裝礦泉水，需要自己去飲水機裝水。,1
1. 電梯太小,1
2. 用餐時間和退房時間要等電梯超久,1
- 無明顯的正面要素被提及。,1
1. 酒店到轉運站和火車站交通不便，無接駁車,1
2. 周邊缺乏特別設施,1
3. 入住時間需等待，特別是在炎熱天氣中,1
4. 床偏軟,1
5. 隔音效果差,1
6. 吹風機低速，使用體驗不佳,1
1. 便利性：泡泡麵沒有垃圾桶，垃圾需要拿到櫃檯，有點不太方便。,1
2. 設施建議：缺少讓嬰幼兒玩樂的設施（如球池、小滑梯）。,1
1. 活動介紹不夠清晰 - 粉紅泡泡活動對小朋友可能有趣，但對成人來說卻感到無趣和不明所以。,1
2. 服務人員的溝通不足 - 特別是在第二天，服務人員沒有告知需要再收費的情況，讓評論者感到有些失望。,1
3. 收費問題 - 雖然費用不高，但對於資訊不充分的感覺使評論者對服務產生不滿。,1
這個評論顯示了評論者對某些方面的滿意同時又對其他方面感到失望，綜合了正面和負面的體驗。,1
1. 位置：座落在安靜郊區（可能對某些旅客來說位置不便利，但評論中未明確指出）,1
- 無明顯的負面要素。,1
1. 隔音不太好,1
2. 隔壁房間半夜洗澡聲音吵醒,1
3. 廁所門不容易關上,1
1. 馬桶沖水不順暢,1
2. 馬桶問題未得到有效處理,1
3. 住宿不方便,1
4. 飯店服務處理方式不佳，造成不滿感,1
- 此則評論中沒有明顯指出任何負面要素。 ,1
整體上，評論者對於飯店的體驗表示非常滿意，沒有提出任何不滿或負面的意見。,1
- 房間潮濕,1
- 缺乏維護,1
- 明顯霉味,1
- 對過敏者不友善,1
- 早餐補菜速度慢,1
- 早餐9:00用餐時幾乎沒有食物,1
- 服務人員態度不佳（收拾桌邊）,1
- 服務人員口氣極差且大聲,1
- 餐廳環境讓人聯想到路邊小攤的負面印象,1
- （該評論中未提及任何負面要素）,1
