positive_aspects,count
**,62
,32
- 無,3
1. 房間乾淨整潔,2
2. 房間舒適,2
1. 房間寬敞,2
2. 早餐豐盛,2
1. 房間乾淨,2
1. 房間大,2
1. 衛生：飯店非常乾淨，房間保持著乾淨優良的環境。,1
3. 早餐 - 自助早餐美味多樣,1
4. 價格 - 價格不貴,1
5. 整體體驗 - 整體都很不錯,1
1. 早餐貼心 - 有標示蛋奶素和純素選擇。,1
2. 建議標示字可以大一些，顯示出對客戶需求的關注。,1
3. 晚上有活動 - 增加娛樂性。,1
1. 服務 - 服務人員親切且仔細說明，讓入住過程順利。,1
3. 服務：飯店同仁的溫暖微笑和友好的互動。,1
3. 舒適度 - 整體住宿體驗不錯。,1
2. 浴室乾濕分離,1
3. 隔音效果不錯,1
4. 住起來很舒適,1
5. 提供免費小點心（甜點、古早味餅乾等）,1
6. 用餐時間寬裕（可用餐到13:30）,1
7. 適合度假、睡到自然醒的客人,1
8. 餐點別具特色,1
9. 補餐點的速度很快,1
10. 看得出餐廳的用心,1
1. 房型：適合帶大童的家庭（3人房）。,1
2. 確保入住：對入住時間有安排，雖然是機器check in。,1
2. 自助早餐菜色多樣化且豐富,1
3. 早餐的選擇性多很多（與其它飯店相比）,1
- 無明顯的正面要素被提及。,1
1. 環境寧靜,1
2. 提供飲料和泡麵的販賣機,1
3. 提供開飲機，便於自帶水壺裝水,1
4. 住房貼心，主動詢問是否需要牙刷,1
5. 房型寬敞，並且有窗戶,1
6. 早點提供至1:30，方便客人休息,1
7. 提供的服務讓人感到舒服和滿意,1
9. 值得推薦,1
1. **房間空間** - 房間空間不小，提供了一定的舒適度。,1
2. **床品舒適度** - 棉被舒服，雖然有點厚，但整體上提供了良好的睡眠體驗。,1
3. **服務** - 櫃檯及早午餐等服務人員十分積極、熱情，服務評價很高。,1
4. **吸煙區設置** - 雖然全館禁菸，但設有專門的吸煙區，顯示對吸煙者的考量。,1
5. **餐點** - 雖然評論者對餐點的甜度有個人偏好，但未作出負面評價，表示餐點多樣性。,1
6. **飯店設施** - 提供早午餐、下午茶及簡單點心，讓客人可以在飯店內放鬆，不只是跑景點。,1
1. 停車場寬敞明亮,1
2. 住宿價格合理,1
3. 入住和退房時間彈性,1
4. 早午餐供應到1:30，非常貼心,1
1. **早餐**：菜色豐富，評論者對早餐表示滿意。,1
2. **停車設施**：室內停車位方便好停，方便性獲得好評。,1
3. **房間清潔**：房間清潔度被評價為尚可（雖然有後續負面評價）。,1
1. 早餐：評論者特別提到早餐的松露奶油搭配法棍，表達了對早餐的喜愛。,1
2. 價格：提到在訂到優惠方案時，覺得入住仍然很值得。,1
- 早餐（提到早餐不如其他競爭者，但仍然可以理解為一個要素）,1
- 位置（雖然提到偏僻，這可以理解為某些客人仍可能偏好安靜的環境）,1
1. 房內空間夠 - 評論者提到房間內的空間感。,1
2. 兩張小沙發椅、一張小桌子 - 提及房間內的設施方便外帶食物回房間食用。,1
3. 能使用WiFi - 網路連接的便利性。,1
1. 入住流程快速,1
3. 服務人員親切友善,1
4. 停車空間充足,1
2. 好睡,1
3. 隔音很好,1
4. 宵夜螢光派對多品項很棒,1
5. 早餐豐富多樣好吃,1
6. 家庭旅行整體很開心,1
7. 下次會再選擇入住,1
- 無（評論中沒有明顯的正面要素被提及）,1
1. 服務人員態度：評論者提到服務人員的態度非常好。,1
1. **空間**：4人房和加大雙人房的空間很大（第一晚的房間）。,1
2. **浴缸**：第二晚的房間雖然空間小，但是有浴缸可以泡澡。,1
3. **早餐**：早午餐非常豐富，早餐時間可以睡到10點多再吃，這點很受歡迎。,1
4. **甜品及氛圍**：晚上有甜品提供，整體氛圍很不錯。,1
5. **新成屋及環境**：周圍是新成屋，房子看起來不錯，且周遭安靜。,1
1. 服務 - 服務生辛苦工作，值得肯定。,1
2. 冰淇淋 - 義式冰淇淋是評論者認為最好吃的東西。,1
3. 早餐非常豐盛,1
4. 晚上很寧靜,1
5. 安全性高,1
6. 室內運動器材可使用,1
7. 泳池可使用,1
8. 附近有很多景點可逛逛,1
9. 適合出差、度假、親子旅遊,1
1. 早餐很豐盛且可以中午再吃，作為早午餐選擇不錯。,1
2. 晚上有消夜可以吃，並且有表演可以觀看，讓人覺得不錯。,1
1. **服務**：評論者提到服務很好，特別是對壽星的關懷，有準備生日卡片，讓壽星感到開心。,1
2. **活動安排**：晚上的活動安排（暗黑派派）讓客人和小孩都能參加，還有提供小零食和小遊戲，顯示飯店用心。,1
3. **住房滿意度**：評論者對於住房的整體滿意度表示良好，並且提到對煙波集團的喜愛。,1
4. **設施**：頂樓的粉紅泡泡裝置藝術增添了住宿的氛圍。,1
5. **位置便利**：特別適合從台北較晚到達的客人，入住時間的安排方便。,1
1. 位置：周邊寧靜，適合自駕前往。,1
2. 服務：服務人員態度親切。,1
3. 衛生：大廳空間明亮乾淨，房間走廊空間明亮清爽。,1
4. 設施：自助機器辦理入住，房間空間寬敞，廁所與淋浴空間分開，房間設計提供足夠的休憩空間。,1
5. 早餐：種類豐富，有創意料理與在地結合原住民料理，視覺上選擇很多，提供健康的早餐食材。,1
6. 停車：地下停車場和戶外停車空間，進出方便。,1
2. 視野佳,1
3. 期盼下次入住時有三溫暖可享用,1
- 房間位置在八樓（可理解為相對較安靜、視野可能較好）,1
1. 早午餐很好吃 - 提及餐飲的美味，顯示對餐廳的肯定。,1
1. 房間整潔乾淨,1
2. 空間還算ok,1
1. 入住和退房時間安排（18:00 check in，14:00 check out）非常合適，符合度假的悠閒感。,1
1. 早餐用餐的時間彈性很好（8:00～13:30）。,1
2. 房務員親切主動詢問是否需要整理或更換房內用品，並提供需求物品（服務態度佳）。,1
3. 餐點活動的安排（雖然食物評價不高，但有提到參加活動）。,1
1. 環境良好,1
2. 舒適度高,1
3. 早午餐種類多元,1
4. 早午餐提供至13:30（對於晚起的人很友好）,1
5. 推薦大家來,1
1. 浴室、廁所和洗手台分開：方便多人入住，減少等待時間。,1
2. 床頭櫃旁的USB插座：設置貼心，方便旅客充電。,1
3. 樓層備有飲水機：方便飲水需求，符合夜間小吃需求。,1
4. 服務人員反應迅速：解決了詢問外送餐具的問題，提升服務質量。,1
1. 早餐非常棒，種類多樣，有特色和新餐點。,1
2. 早餐價格划算，性價比高。,1
3. 提供特殊的餐點（例如芝麻粉、豆花、冰淇淋等）。,1
4. 入住服務靈活，晚入住可晚退房，方便調整行程。,1
5. 除濕機設備受到讚賞。,1
6. 餐廳的食物值得推薦。,1
1. 房間空間大。,1
2. 美麗的景觀（view）。,1
3. 早餐供應時間長（06：30～13：30）。,1
4. 早餐的菜色和口味不錯。,1
1. 提供嬰兒床、消毒鍋和澡盆,1
2. 服務態度極佳,1
3. 早餐非常好吃，包含很多特色料理,1
4. 其他設施（雖然未具體說明，但暗示整體體驗良好）,1
1. 服務 - 服務人員非常友善,1
2. 環境 - 環境也很讚,1
1. 房間舒適且非常大,1
3. 停車空間大，非常方便,1
4. 下次再訪宜蘭，會再選擇入住,1
1. 交誼廳 - 提供泡麵及零食的販賣機,1
2. 書籍可供翻閱,1
3. 頂樓的網美牆,1
4. 兒童遊戲區,1
5. 戶外爬的設施 - 適合小小孩,1
1. **溝通和致歉** - 飯店主動打電話進行溝通並致歉，顯示出對顧客反饋的重視和用心。,1
2. **用心** - 評論中提到能感受到飯店的用心，這是一個積極的評價。,1
1. 酒店小巧精緻,1
2. 晚上的暗黑派對帶來很多歡樂,1
3. 感謝小丑叔叔，為小朋友帶來獎勵,1
4. 早餐食材新鮮，有宜蘭特色,1
5. 用餐時間到中午，適合晚起的人,1
6. 住宿感覺很棒,1
7. 酒店備品是有機的洗髮精和沐浴乳,1
1. 服務 - 房務人員表現良好,1
2. 衛生 - 房間打掃得很乾淨,1
3. 舒適度 - 房間感覺舒適,1
4. 早餐 - 免費的早午餐很有特色,1
1. 服務：接待人員非常細心，主動詢問是否需要多一個枕頭，服務人員都有禮貌。,1
2. 設施：有網美景點供拍照，增添了入住的趣味性。,1
3. 活動：晚上有活動和小點心，提供了額外的娛樂和享受。,1
- 無明確的正面要素被提及。評論者對於價格和市場狀況的描述中，並未表現出任何特別的正面體驗或滿意度。,1
###,1
1. 服務 - 櫃檯接待、餐廳服務、晚間停車引導、房務人員都親切專業有禮。,1
2. 早餐 - 早餐時間拉長，讓客人可以悠閒享用，菜色多樣。,1
3. 房間舒適度 - 房間大且舒適。,1
4. 設施 - 浴室分成四個區域，方便各使用者使用。,1
1. 服務 - 服務人員主動幫忙微波加熱食物，並借用餐盤，使顧客感到貼心。,1
1. 整體體驗很棒,1
2. 餐廳的食物很好吃,1
1. 料理特色 - 評論中提到「其他料理是還挺有特色」，顯示出部分菜品的創意和吸引力。,1
1. 房間空間大且舒適,1
2. 窗戶旁有沙發跟小桌子,1
3. 三分式衛浴,1
4. 停車位子滿足夠,1
5. 頂樓有遊戲室適合帶小孩,1
6. 有戶外空間可以坐下喝酒,1
7. 服務人員親切,1
8. 晚上的甜點派對很受歡迎,1
9. 推薦的豆漿奶酪超級綿密嫩,1
1. 舒適度 - 飯店很舒服,1
2. 早餐 - 早午餐很適合住飯店喜歡賴床的人,1
1. **餐食口味**：熱食類的口味都不錯。,1
2. **水果甜點冰品**：這些食物類別的品質還可以。,1
1. 服務 - 蕭小姐（kelly）的協助和體諒，服務人員關心客人用餐狀況,1
2. 衛生 - 飯店乾淨整潔,1
3. 早餐 - 早餐豐盛,1
4. 舒適度 - 整體感覺很好，讓評論者心情好一整天,1
1. 服務 - 員工親切且細心，特別提到田小姐和石先生的細心服務。,1
2. 服務 - 注意到評論者的傷口並提供包紮協助，展現關懷和體貼。,1
1. 銀髮族優惠：60歲以上的銀髮族可免收服務費。,1
2. 用餐時間：用餐時間長達3小時（10:00到13:30），提供了靈活的用餐選擇。,1
3. 飲品：喝了豆漿、牛奶和咖啡，顯示出飲品的多樣性。,1
4. 食物口味：和牛小漢堡被評論者認為好吃。,1
1. 位置很好 - 可以方便前往各個景點,1
2. 跑步非常舒服 - 表示環境適合運動,1
3. 早餐有許多特色美食 - 對早餐的多樣性和質量感到滿意,1
1. 服務 - 服務人員態度親切,1
2. 衛生 - 房間寬敞新穎（暗示衛生狀況良好）,1
2. 設施：房間放有除濕機，嬰兒床、嬰兒洗澡用品及烘奶瓶設備都蠻不錯。,1
3. 安靜：房間蠻安靜的。,1
4. 環境：販賣機有飲水機和冷氣，環境優渥。,1
5. 空間：頂樓遊玩空間算大。,1
1. 早餐非常棒 - 提到早餐的質量高，顯示出對餐飲的滿意。,1
2. 煙波的整體喜好 - 評論者表示對這家飯店的喜愛。,1
1. 房間衛生：房間乾淨,1
3. 設施：豪華家庭房、頂樓的小設施可供玩樂和拍照，增添住宿的趣味。,1
3. 服務：晚上飯店1樓提供甜點派對,1
4. 早餐：自助餐早餐具有宜蘭特色，口味好吃，供應到13:00，可先行退房再用餐，不會有壓力,1
1. 服務 - 服務親切，用心接待,1
2. 設施 - 晚上有暗黑派對，提供燈光秀和點心,1
1. 整體住宿體驗愉快,1
2. 早餐種類多元豐盛,1
3. 龍蝦湯讓人驚艷,1
4. 服務人員熱心有禮貌,1
5. 使用飲水機環保且不浪費,1
1. 房間環境舒適,1
2. 小朋友喜歡的可愛設施（彼彼熊）,1
1. 服務：服務人員服務態度友善、親切、專業。,1
2. 舒適度：房間很大很舒適。,1
3. 設施：R樓有粉紅泡泡拍照區域，可以拍網美照打卡留念；R樓旁邊有粉紅樓梯適合小朋友玩耍；戶外風景區。,1
4. 餐飲選擇：餐廳餐點多元。,1
5. 便利性：1樓有ok販賣機可以買泡麵及飲料，旁邊提供飲水機可以裝水。,1
2. 冷氣空調舒適,1
3. 棉被觸感很好,1
4. 陽台可以觀賞周邊風景,1
5. 退房時間可以選擇到隔天下午2時,1
6. 餐廳的用餐時間長,1
7. 享受休閒的早午餐,1
8. 整體體驗很讚,1
2. 夜宵：飯店準備了夜宵，讓旅客可以交流。,1
5. 早餐：早餐品質高，精心製作，值得推薦，CP值高。,1
2. 衛生 - 飯店及房間環境很乾淨。,1
1. 服務好,1
2. 早餐不錯,1
9. 整體是很不錯的渡假飯店,1
1. 服務：提供優惠方案，讓顧客感到滿意。,1
2. 早餐：早午餐的時間延長到下午一點半，顯示出酒店的體貼。,1
1. 地點：雖然較偏遠，但有遠離塵囂的感覺。,1
4. 舒適度：住宿體驗被認為非常舒服。,1
5. 退房政策：若前一晚入住時間較晚，次日可延至兩點退房，這樣的彈性服務很受好評。,1
1. 環境：評論提到餐點環境中規中矩，暗示有一定的符合期待。,1
2. 嬰兒澡盆的要求已被記錄，顯示飯店在一定程度上重視客人的需求。,1
1. 外觀還不錯,1
2. 附近可以騎腳踏車或走走,1
1. 位置 - 距離宜蘭火車站方便。,1
2. 早餐 - 早餐豐盛，品質媲美五星級，包含中西餐和道地台灣美食。,1
3. 早餐時間 - 早餐供應到午後一點，非常貼心。,1
4. 免費零食和宵夜 - 提供晚間免費零食和宵夜，增添了住宿的便利性。,1
5. 設施 - 房間設施整體良好。,1
6. 棉被 - 非常柔軟蓬鬆，舒適。,1
7. Checkout - 方便，無需再櫃檯辦理。,1
8. 客房服務 - 24小時有效率的服務。,1
9. 服務 - 飯店人員親切友善，服務質量高。,1
2. 設施：有大陽台面對鄉間,1
2. 有陽台,1
3. 有沙發和靠窗小桌,1
4. 待起來很舒適,1
5. 適合開車兜風渡假,1
6. 地下室停車場寬敞好停,1
7. 早餐可以吃到下午一點半,1
8. 早餐雖然沒有蘇澳館豐盛，但還是不錯,1
4. 住宿環境：旅客在公共空間的交流情感，增強了社交氛圍。,1
